date,platform,country,language,author,followers,content,sentiment,sentiment_score,topic,hashtags,url,reach,engagement
2026-02-01T08:14:00Z,twitter,IT,it,marta_b,1240,"Verdaia mette QR su ogni prodotto. Finalmente uno che fa ESG vero #tracciabilità",positive,0.71,Tracciabilità filiera,"#tracciabilità,#esg",https://x.com/marta_b/status/1,8400,312
2026-02-01T10:22:00Z,reddit,IT,it,critic_rom,560,"Verdaia ESG = greenwashing 2.0. I bilanci li scrivono i consulenti pagati da loro",negative,-0.78,Greenwashing,"#greenwashing",https://reddit.com/r/Italy/p/2,12300,840
2026-02-01T11:45:00Z,linkedin,IT,en,sarah_kim,8900,"Verdaia's traceability rollout is the most credible Italian retailer move in 3 years",positive,0.82,Tracciabilità filiera,"#sustainability,#retail",https://linkedin.com/posts/sarah-kim-3,24500,1820
2026-02-01T14:03:00Z,twitter,IT,it,giorgio_m,210,"Bello l'ESG ma se costa 4% in più vado al discount. Spesa per 5 conta al centesimo",neutral,-0.31,Prezzo premium,"#carovita",https://x.com/giorgio_m/status/4,3100,87
2026-02-02T09:11:00Z,instagram,IT,it,foodie_milano,15200,"Provato il pacco di pasta Verdaia tracciato dal mulino in Puglia. Foto del 2026 ✓",positive,0.65,Tracciabilità filiera,"#verdaia,#pugliafood",https://instagram.com/p/5,11200,1430
2026-02-02T13:30:00Z,reddit,IT,it,annaverdaia_8anni,310,"Ho lavorato 8 anni in Verdaia, la tracciabilità c'è davvero. Cambiamento serio, dategli tempo",positive,0.58,Lavoro & fornitori,"#retail,#esg",https://reddit.com/r/Italy/p/6,5400,290
2026-02-02T16:48:00Z,twitter,IT,it,luca_dev29,820,"Diffido del marketing, leggo i bilanci. Verdaia: numeri non tornano sul Q4",negative,-0.62,Greenwashing,"#bilanci,#esg",https://x.com/luca_dev29/status/7,9100,512
2026-02-03T08:00:00Z,linkedin,IT,en,esg_eu,32100,"Finally a co-op acting like a co-op. Verdaia ESG report would be the next step",positive,0.48,Comunicazione ESG,"#sustainability",https://linkedin.com/posts/esg-eu-8,42000,3100
2026-02-03T12:15:00Z,reddit,IT,it,scettico_45,890,"Filiera tracciata? Tracciata dove, dal magazzino al banco?",negative,-0.55,Greenwashing,"#scetticismo",https://reddit.com/r/Italy/p/9,3800,210
2026-02-03T17:22:00Z,twitter,IT,it,famiglia_5,180,"Cara Verdaia, +4% sui premium = famiglie da Lidl. Pensateci",negative,-0.42,Prezzo premium,"#carovita,#famiglie",https://x.com/famiglia_5/status/10,2100,64
2026-02-04T07:30:00Z,instagram,IT,it,gen_z_verde,4200,"QR code sui prodotti = trasparenza vera. Verdaia ha fatto la mossa giusta",positive,0.68,Packaging sostenibile,"#genz,#verde",https://instagram.com/p/11,6800,520
2026-02-04T11:00:00Z,linkedin,IT,en,retail_analyst,12400,"Verdaia Q1 numbers: +18% on traced products, +4% price premium absorbed. Watch this",positive,0.55,Tracciabilità filiera,"#retail,#esg",https://linkedin.com/posts/retail-analyst-12,18900,1240
2026-02-04T15:44:00Z,twitter,IT,it,sergio_t,75,"Pago io la sostenibilità mentre i dirigenti volano in business?",negative,-0.71,Prezzo premium,"#carovita",https://x.com/sergio_t/status/13,1800,142
2026-02-05T09:20:00Z,reddit,IT,it,whistleblower_x,1100,"Video interno: dipendente Verdaia contraddice claim ufficiali su tracciabilità. Thread",negative,-0.82,Greenwashing,"#whistleblower",https://reddit.com/r/Italy/p/14,28400,2940
2026-02-05T14:00:00Z,twitter,IT,it,marta_b,1240,"Aggiornamento: ho scansionato 5 prodotti Verdaia, tutto torna. Audit pubblici disponibili",positive,0.62,Tracciabilità filiera,"#verifiche",https://x.com/marta_b/status/15,5100,310
2026-02-05T18:55:00Z,linkedin,IT,en,supply_chain_pro,9800,"Verdaia's audit framework is publicly published. Rare for IT retail. Benchmark moment",positive,0.74,Audit & compliance,"#supplychain,#esg",https://linkedin.com/posts/supply-chain-pro-16,15600,1110
2026-02-06T08:10:00Z,instagram,IT,it,famiglia_bio,3400,"Mio figlio ha scansionato il QR sul latte Verdaia. Allevamento mostrato sulla cartina. Educa anche i bambini",positive,0.76,Tracciabilità filiera,"#famiglia,#educazione",https://instagram.com/p/17,9100,820
2026-02-06T13:25:00Z,reddit,IT,it,critic_rom,560,"Aggiornamento sul thread Verdaia: 6 thread virali su r/Italy ora. Greenwashing organizzato",negative,-0.75,Greenwashing,"#thread,#virali",https://reddit.com/r/Italy/p/18,18200,1340
2026-02-06T16:40:00Z,twitter,IT,it,esg_skeptic,2200,"Verdaia ESG è marketing. Punto. Le filiere agroalimentari non si tracciano in 6 mesi",negative,-0.68,Greenwashing,"#scetticismo,#esg",https://x.com/esg_skeptic/status/19,7900,580
2026-02-07T09:00:00Z,linkedin,IT,en,sustainability_director,18900,"Verdaia case study at #ESGItaly2026 next week. Speaker: head of ops",positive,0.51,Comunicazione ESG,"#esgitaly2026",https://linkedin.com/posts/sustainability-director-20,22100,1690
2026-02-07T14:15:00Z,twitter,IT,it,senior_55,98,"Non capisco cosa è ESG ma vedo il prezzo +4%. Vado dove costa meno",neutral,-0.18,Prezzo premium,"#senior,#carovita",https://x.com/senior_55/status/21,1400,38
2026-02-07T19:30:00Z,reddit,IT,it,bilanci_aperti,1480,"Coalizione consumatori chiede audit indipendente su Verdaia ESG. Petizione sale",negative,-0.48,Audit & compliance,"#petizione",https://reddit.com/r/Italy/p/22,9400,720
2026-02-08T10:45:00Z,instagram,IT,it,foodie_milano,15200,"Cena con prodotti tracciati Verdaia: tutti i QR funzionano. Esperimento riuscito",positive,0.69,Tracciabilità filiera,"#cena,#qr",https://instagram.com/p/23,12800,1510
2026-02-08T15:20:00Z,twitter,IT,it,price_first,640,"Mi spiace per la sostenibilità ma vado al discount. Spesa 25% in meno",neutral,-0.35,Prezzo premium,"#discount",https://x.com/price_first/status/24,2900,120
2026-02-08T17:00:00Z,linkedin,IT,en,b2b_food_eu,7200,"Verdaia's QR-per-product approach: scalable? Looking at unit economics",neutral,0.12,Tracciabilità filiera,"#b2b,#supplychain",https://linkedin.com/posts/b2b-food-eu-25,11400,810
2026-02-09T08:30:00Z,reddit,IT,it,famiglia_5,180,"Settimana 2 senza Verdaia. Risparmio 18€ ma compro carne meno tracciata. Bilancio amaro",neutral,-0.15,Prezzo premium,"#bilancio,#famiglie",https://reddit.com/r/Italy/p/26,4200,260
2026-02-09T11:55:00Z,twitter,IT,it,esg_eu,32100,"Verdaia: +22% volume mention previsto a 4 settimane. Picco week 3 (greenwashing thread)",neutral,0.08,Forecast,"#forecast",https://x.com/esg_eu/status/27,38100,2210
2026-02-09T16:10:00Z,instagram,IT,it,sustainability_kids,6800,"Educazione ESG ai bambini: QR Verdaia spiegato in classe. Reazione: 'è come un'app'",positive,0.72,Comunicazione ESG,"#scuola,#educazione",https://instagram.com/p/28,8900,690
2026-02-10T09:40:00Z,linkedin,IT,en,supply_chain_pro,9800,"Verdaia Q1 supplier audit: 14 farms certified, 3 dropped for compliance. Transparency works",positive,0.65,Audit & compliance,"#supplychain",https://linkedin.com/posts/supply-chain-pro-29,13200,940
2026-02-10T13:25:00Z,twitter,IT,it,whistleblower_x,1100,"Update: video del dipendente Verdaia debunked. Ho sbagliato a condividere senza verifica",neutral,0.02,Greenwashing,"#debunk",https://x.com/whistleblower_x/status/30,15400,1180
2026-02-10T18:50:00Z,reddit,IT,it,scettico_45,890,"Devo dire: ho letto l'audit. Verdaia tiene. Ritiro lo scetticismo",positive,0.41,Audit & compliance,"#cambio-idea",https://reddit.com/r/Italy/p/31,7800,540
2026-02-11T07:15:00Z,instagram,IT,it,marta_b,1240,"Settimana 3: ancora Verdaia. Bilancio famiglia ok grazie a loyalty card +5%",positive,0.58,Loyalty card,"#famiglia,#loyalty",https://instagram.com/p/32,5400,380
2026-02-11T12:30:00Z,linkedin,IT,en,retail_analyst,12400,"Verdaia NPS famiglie 35-55: +5 punti vs Q4. Greenwashing narrative defused",positive,0.69,Brand health,"#nps",https://linkedin.com/posts/retail-analyst-33,16400,1120
2026-02-11T15:45:00Z,twitter,IT,it,giorgio_m,210,"Verdaia ha lanciato linea Essenziale a prezzo pre-rincaro. 12 prodotti tracciati. Bravi",positive,0.55,Pricing strategy,"#essenziale",https://x.com/giorgio_m/status/34,4200,280
2026-02-11T19:00:00Z,reddit,IT,it,critic_rom,560,"Linea Essenziale Verdaia: 12 prodotti pre-rincaro. Concessione tardiva ma reale",neutral,0.18,Pricing strategy,"#essenziale",https://reddit.com/r/Italy/p/35,8900,610
2026-02-12T08:55:00Z,instagram,IT,it,famiglia_bio,3400,"Comprata linea Essenziale Verdaia. Prezzo ok, QR funziona. Continuo qui",positive,0.71,Pricing strategy,"#famiglia,#essenziale",https://instagram.com/p/36,7600,540
2026-02-12T14:20:00Z,twitter,IT,it,sarah_kim,8900,"Verdaia case study: how to defuse a greenwashing thread in 14 days with data, not PR",positive,0.78,Crisis management,"#casestudy",https://x.com/sarah_kim_3/status/37,28100,2410
2026-02-12T17:35:00Z,linkedin,IT,en,esg_eu,32100,"Verdaia ESG playbook: audit-first, price-tier-second, comms-last. Saving for reference",positive,0.72,Comunicazione ESG,"#playbook,#esg",https://linkedin.com/posts/esg-eu-38,31200,2240
2026-02-13T09:10:00Z,reddit,IT,it,price_first,640,"Tornato da Verdaia per la linea Essenziale. Risparmio + tracciabilità: vinto tutti",positive,0.62,Pricing strategy,"#essenziale",https://reddit.com/r/Italy/p/39,5100,380
2026-02-13T13:45:00Z,twitter,IT,it,esg_skeptic,2200,"Mi sbagliavo su Verdaia. Audit indipendente solido. Mea culpa",positive,0.51,Audit & compliance,"#meaculpa",https://x.com/esg_skeptic/status/40,6800,490
2026-02-13T18:00:00Z,instagram,IT,it,foodie_milano,15200,"Verdaia week 3: settimana migliore in termini di sentiment. Picco positivo dopo crisi",positive,0.68,Brand health,"#sentiment",https://instagram.com/p/41,11800,890
2026-02-14T07:50:00Z,linkedin,IT,en,sustainability_director,18900,"ESGItaly2026: Verdaia head of ops presented. Audience asked tough questions. Held up",positive,0.61,Eventi,"#esgitaly2026",https://linkedin.com/posts/sustainability-director-42,19400,1450
2026-02-14T12:15:00Z,twitter,IT,it,gen_z_verde,4200,"Verdaia X-mas campaign: 'ESG accessibile'. Targeting Gen Z su TikTok. Mossa giusta",positive,0.58,Marketing,"#genz,#tiktok",https://x.com/gen_z_verde/status/43,9100,680
2026-02-14T16:30:00Z,reddit,IT,it,bilanci_aperti,1480,"Petizione audit Verdaia chiusa. Risultato: 12 farm certificate, target raggiunto",positive,0.45,Audit & compliance,"#petizione",https://reddit.com/r/Italy/p/44,7200,510
2026-02-14T19:50:00Z,instagram,IT,it,sustainability_kids,6800,"Verdaia + scuole = progetto ESG-edu nazionale. Annuncio settimana prossima",positive,0.74,Comunicazione ESG,"#scuola,#esgedu",https://instagram.com/p/45,8400,720
2026-02-15T08:25:00Z,linkedin,IT,en,retail_analyst,12400,"Verdaia 4-week forecast: +22% volume, sentiment +0.18 → +0.35. Strong recovery",positive,0.71,Forecast,"#forecast",https://linkedin.com/posts/retail-analyst-46,17800,1320
2026-02-15T13:00:00Z,twitter,IT,it,marta_b,1240,"Verdaia Q1 lesson: tracciabilità + audit + prezzo accessibile = ESG che funziona",positive,0.79,Brand health,"#lesson",https://x.com/marta_b/status/47,7900,580
2026-02-15T17:15:00Z,reddit,IT,it,luca_dev29,820,"Verdaia ESG: ho riletto bilanci e audit. Solidi. Aggiornamento posizione",positive,0.42,Audit & compliance,"#update",https://reddit.com/r/Italy/p/48,6400,440
2026-02-15T20:00:00Z,instagram,IT,it,famiglia_5,180,"Ritornati da Verdaia con linea Essenziale. Spesa per 5 sotto budget. Felici",positive,0.65,Pricing strategy,"#famiglia",https://instagram.com/p/49,4900,360
2026-02-16T09:30:00Z,linkedin,IT,en,b2b_food_eu,7200,"Verdaia case: ESG narrative recovery in 14 days. Adding to Q2 brand-crisis playbook",positive,0.68,Crisis management,"#playbook,#brandcrisis",https://linkedin.com/posts/b2b-food-eu-50,12100,890
